{
  "alcohol": {
    "mean": 13.00061797752809,
    "std": 0.8118265380058574,
    "min": 11.03,
    "max": 14.83,
    "median": 13.05
  },
  "malic_acid": {
    "mean": 2.3363483146067416,
    "std": 1.1171460976144627,
    "min": 0.74,
    "max": 5.8,
    "median": 1.8650000000000002
  },
  "ash": {
    "mean": 2.3665168539325845,
    "std": 0.27434400906081485,
    "min": 1.36,
    "max": 3.23,
    "median": 2.36
  },
  "alcalinity_of_ash": {
    "mean": 19.49494382022472,
    "std": 3.3395637671735043,
    "min": 10.6,
    "max": 30.0,
    "median": 19.5
  },
  "magnesium": {
    "mean": 99.74157303370787,
    "std": 14.282483515295665,
    "min": 70.0,
    "max": 162.0,
    "median": 98.0
  },
  "total_phenols": {
    "mean": 2.295112359550562,
    "std": 0.6258510488339892,
    "min": 0.98,
    "max": 3.88,
    "median": 2.355
  },
  "flavanoids": {
    "mean": 2.0292696629213482,
    "std": 0.9988586850169469,
    "min": 0.34,
    "max": 5.08,
    "median": 2.135
  },
  "nonflavanoid_phenols": {
    "mean": 0.3618539325842696,
    "std": 0.12445334029667937,
    "min": 0.13,
    "max": 0.66,
    "median": 0.34
  },
  "proanthocyanins": {
    "mean": 1.5908988764044945,
    "std": 0.5723588626747612,
    "min": 0.41,
    "max": 3.58,
    "median": 1.5550000000000002
  },
  "color_intensity": {
    "mean": 5.058089882022471,
    "std": 2.318285871822413,
    "min": 1.28,
    "max": 13.0,
    "median": 4.6899999999999995
  },
  "hue": {
    "mean": 0.9574494382022471,
    "std": 0.22857156582982338,
    "min": 0.48,
    "max": 1.71,
    "median": 0.965
  },
  "od280/od315_of_diluted_wines": {
    "mean": 2.6116853932584267,
    "std": 0.7099904287650505,
    "min": 1.27,
    "max": 4.0,
    "median": 2.78
  },
  "proline": {
    "mean": 746.8932584269663,
    "std": 314.9074742768491,
    "min": 278.0,
    "max": 1680.0,
    "median": 673.5
  }
}